win_y,win_x,center_y_px,center_x_px
0.000000000000000000e+00,0.000000000000000000e+00,5.120000000000000000e+02,4.480000000000000000e+02
